customer_id,name,city,state
1,Brenda Alves,da Cruz de Goiás,BA
2,Srta. Ísis Borges,Andrade do Sul,AP
3,Igor Montenegro,Novais,DF
4,Dra. Ísis Leão,Machado,RJ
5,André Teixeira,Sampaio,PA
6,Dr. Eduardo Cunha,Caldeira de Minas,MG
7,Luiz Henrique Ferreira,Aparecida dos Dourados,PI
8,Marcos Vinicius Barros,Pires da Praia,RJ
9,Bernardo Aparecida,Vargas,MA
10,Igor Brito,da Mota dos Dourados,RS
11,Sr. Léo Fogaça,Rios,GO
12,Dra. Ana Sophia Pereira,Nascimento,SC
13,Enrico Martins,da Mata da Prata,ES
14,Lunna Vargas,da Conceição,TO
15,Levi Guerra,Azevedo do Oeste,RJ
16,Sra. Hadassa Rezende,Gonçalves de Ramos,PB
17,João Carvalho,Souza,PI
18,Julia Souza,Pacheco das Flores,MS
19,Davi Miguel Moraes,Borges de Sá,AL
20,Eduardo Pires,Vieira,RO
21,Ana Luiza Gomes,Peixoto dos Dourados,PE
22,Yuri Albuquerque,Rodrigues,PI
23,Luigi Camargo,Lopes da Serra,PB
24,João Montenegro,Montenegro,AM
25,Letícia Porto,Cassiano,MS
26,Vitor Hugo Vasconcelos,Peixoto,MT
27,Allana Camargo,das Neves de Goiás,AL
28,Bruno Barros,Azevedo de Teixeira,PI
29,Davi Lucas Ribeiro,Novaes de Cavalcante,GO
30,Mariana Cunha,Silva,MA
31,Maria Fernanda Macedo,Campos de da Cruz,ES
32,Lucca Almeida,Pastor,ES
33,Brayan Santos,da Conceição,AP
34,Lucas Barbosa,da Mota,RO
35,Hadassa Nogueira,Silveira,RJ
36,Olívia da Cruz,Jesus de Correia,AM
37,Pedro Fogaça,Jesus dos Dourados,SC
38,Carlos Eduardo Araújo,Siqueira Alegre,SE
39,Josué Correia,Nascimento,PB
40,Otávio Cirino,Martins de Goiás,AP
41,Beatriz Aragão,Borges,SP
42,Enzo Jesus,Mendes de Cunha,MG
43,Enzo Garcia,Gomes,GO
44,Laura Lima,Cassiano de Correia,MA
45,Benjamin Pacheco,Souza,MT
46,Benicio Pacheco,Montenegro de Moura,CE
47,Thomas Barros,Azevedo,RN
48,Isaac Guerra,Nunes,ES
49,Ana Cecília Pinto,Leão,RO
50,Stephany Dias,Costela Alegre,ES
51,Miguel Cardoso,Marques Alegre,SP
52,Anthony Marques,Barbosa,PI
53,Thiago da Luz,Ferreira,AP
54,Léo da Paz,Macedo,TO
55,Liz Pimenta,Rios,TO
56,Letícia Ribeiro,Carvalho,GO
57,Cauê Souza,da Mata,MA
58,Giovanna Silva,Costela Paulista,PE
59,Isis Aragão,Porto,PA
60,Augusto Abreu,Vargas Grande,RS
61,Enrico Sousa,Novaes de Santos,PA
62,Alexia Camargo,Sales,BA
63,Ana Carolina Freitas,Lopes,BA
64,Leandro Fonseca,Fogaça,DF
65,Isadora Rios,Fogaça,SP
66,Maria Luísa Pinto,da Costa,CE
67,Noah Alves,Sousa,MT
68,Isadora da Mata,Viana,RR
69,Mateus Andrade,Câmara de Costa,TO
70,Marcela das Neves,Câmara,AC
71,Evelyn Guerra,da Mota de Minas,SP
72,Luiz Fernando Ramos,Rocha da Prata,MT
73,Danilo da Luz,Pacheco,GO
74,Cauê Peixoto,Ferreira Alegre,PA
75,Sophia Camargo,Oliveira do Oeste,GO
76,Pedro Henrique Abreu,Fonseca,PA
77,Lucas Pinto,Ribeiro do Campo,SC
78,Thiago das Neves,Duarte das Flores,RR
79,Yuri Cardoso,Leão,RO
80,Emanuella Pimenta,Guerra da Prata,TO
81,Kevin da Paz,Lopes,SE
82,Luna Martins,Macedo de Rocha,DF
83,Olívia Vieira,Ribeiro,AP
84,Théo Ribeiro,Borges de Goiás,RO
85,Henry Gabriel Costa,Alves,AL
86,Renan Pimenta,Marques,PA
87,Evelyn Silva,Monteiro das Flores,ES
88,André Sá,Vasconcelos,PA
89,Felipe Sampaio,Aragão de Novais,ES
90,Rafael Carvalho,Rios de Moura,PI
91,Luiza Sá,Pimenta de Silveira,PE
92,Melissa Castro,Machado de da Luz,SP
93,João Guilherme Vargas,Pires de da Costa,GO
94,Ana Vitória Silva,da Costa Paulista,MT
95,Sr. Davi Miguel Cassiano,Gomes,RR
96,Heitor Azevedo,Jesus Alegre,PI
97,Maria Vitória Araújo,Leão,MG
98,Alícia Teixeira,Mendes do Sul,MS
99,Mathias Leão,Mendonça,ES
100,Pedro Henrique Mendonça,Gomes,MT
101,Maria Luiza Silveira,Martins,BA
102,Yasmin Alves,Pastor Verde,RO
103,Bryan Ramos,Carvalho dos Dourados,CE
104,José Pedro Garcia,Cunha dos Dourados,MT
105,Dr. João Lucas Sá,da Cunha de Minas,PR
106,Vitor Hugo Aragão,Câmara de Minas,SP
107,Ana Cecília Sá,da Cruz,DF
108,Eduardo da Costa,Melo,RO
109,Henrique Martins,Vargas da Praia,CE
110,Bruna Vasconcelos,das Neves,AM
111,Amanda das Neves,Gonçalves do Oeste,AP
112,Isabelly Caldeira,Rodrigues do Campo,SE
113,Ana Cecília Ferreira,Ribeiro da Praia,AP
114,Manuela Albuquerque,Mendonça do Campo,PA
115,Dr. Eduardo Lopes,Siqueira,PE
116,Júlia Pimenta,Martins de Lopes,TO
117,Dra. Juliana Duarte,Borges,GO
118,Isabelly Sá,Nunes de Pimenta,RO
119,Maitê Alves,Duarte de Cirino,PR
120,Luiz Gustavo da Luz,da Mota Paulista,PI
121,Valentim Correia,da Costa,SC
122,Rebeca Novais,Sales,PR
123,Rebeca Machado,Borges,MA
124,Nathan Sales,das Neves,RO
125,Maria Eduarda Melo,Lima da Prata,MT
126,Dr. João Gabriel das Neves,da Conceição do Campo,SC
127,Levi Campos,Correia,DF
128,Sra. Kamilly Silveira,Brito do Oeste,MA
129,Luiz Miguel Cavalcanti,Albuquerque da Prata,BA
130,Augusto Aragão,Sampaio Grande,RS
131,Bella Albuquerque,Melo do Amparo,PB
132,Sr. Benjamim da Cunha,Camargo de Azevedo,MG
133,Ana Sophia Oliveira,Cassiano,BA
134,Liz Barros,Campos,PI
135,Heloisa Vasconcelos,Machado dos Dourados,MA
136,Mariane das Neves,Pimenta,SC
137,Gustavo Henrique Pires,da Luz,RO
138,Emanuel da Costa,Novaes,AP
139,Alexandre Jesus,Sales de Peixoto,PR
140,Arthur Gabriel da Conceição,Santos da Mata,RR
141,Ana Sophia Rodrigues,da Luz,SE
142,Fernanda Lima,Nogueira,ES
143,Clarice da Mata,Barbosa,AL
144,Leandro Peixoto,Macedo do Campo,PB
145,Sra. Maria Luiza da Mata,Macedo de Barros,RN
146,Pedro Sousa,Pereira Paulista,AC
147,Ian Rocha,Teixeira,RO
148,Asafe Teixeira,Melo,PE
149,Melina da Mota,Pacheco,PA
150,Rebeca Borges,Ferreira de Jesus,MT
151,Sr. Enrico Farias,Sales do Amparo,MA
152,Maria Liz Teixeira,Marques,AP
153,Dr. Lorenzo Camargo,Moraes do Sul,RO
154,Nicole Jesus,Correia,PE
155,Dr. Pedro Miguel Teixeira,Costela,GO
156,Caroline da Paz,Sampaio de Mendonça,AM
157,Isaque Santos,das Neves,PI
158,Yuri Jesus,Câmara,TO
159,Ravi Campos,Monteiro,RR
160,Thomas Santos,Leão do Amparo,PR
161,Rafael Novaes,Gomes,DF
162,Sophia Souza,Azevedo,GO
163,Manuela Viana,Abreu da Mata,SC
164,Samuel Cassiano,Nascimento de Mendes,MS
165,Dr. Rafael Duarte,Sampaio,ES
166,Maria Isis da Conceição,Aparecida Alegre,SC
167,Maria Helena Gomes,Monteiro,AL
168,Theodoro Pastor,Brito dos Dourados,AM
169,Mirella Albuquerque,Jesus,RS
170,Breno Melo,Fernandes das Flores,RS
171,Lucas Rocha,Dias do Amparo,PI
172,Bernardo da Costa,da Conceição de Minas,PA
173,Carlos Eduardo Macedo,Sales,MA
174,Augusto Duarte,da Rocha,MS
175,Dr. Diogo da Cruz,Nunes da Serra,CE
176,Bruno Pimenta,Pinto de Goiás,PR
177,Cecília da Conceição,Porto de da Cunha,PB
178,Anthony Martins,Rocha da Prata,CE
179,Pedro Miguel Ferreira,Porto das Pedras,RR
180,Rafael da Rosa,Gomes,PR
181,Isaac Garcia,Oliveira da Mata,RR
182,Antônio Ribeiro,da Mota do Sul,RJ
183,Ana Julia Pereira,da Paz de Vasconcelos,SE
184,Luiz Gustavo Câmara,Pinto,GO
185,Cecilia Pires,Pires,RS
186,Leonardo Viana,Andrade de Pacheco,MS
187,Srta. Ayla da Rocha,Souza das Pedras,CE
188,Davi Lucca Viana,Moura do Galho,GO
189,José Miguel Mendes,Souza Alegre,SE
190,Ravi Lucca Barbosa,Sá,ES
191,Maria Laura Novais,Borges das Flores,AC
192,Vitor Gabriel Campos,Freitas de Rocha,SC
193,Julia Pacheco,Porto da Praia,AM
194,Isabel Melo,Pinto,PI
195,Sr. Benício Porto,Sampaio de da Rosa,RS
196,Bruna Carvalho,Andrade,MA
197,Bruna Brito,Nascimento,BA
198,Mirella Freitas,Pastor Grande,PA
199,Beatriz Mendonça,da Mota do Norte,RR
200,Sr. Pedro Miguel Macedo,Fonseca,AM
201,Maria Eduarda Nogueira,Araújo das Flores,GO
202,Davi Marques,Ribeiro,DF
203,Alícia Aragão,da Cruz Grande,SE
204,Gabrielly Azevedo,Pastor,DF
205,Lucas Vasconcelos,Viana,RN
206,João Guilherme Casa Grande,Nogueira,GO
207,Daniel Ribeiro,Cardoso,AC
208,Sr. Lorenzo Almeida,da Luz,AL
209,Otto Moura,Souza,AP
210,Melissa Vasconcelos,Moraes Verde,AM
211,Sarah Câmara,Siqueira,SE
212,Stephany da Rosa,Ramos de Alves,AL
213,Maria Liz Lima,Mendonça,RR
214,Ana Sophia Barros,Pereira Grande,AP
215,João Guilherme Pinto,Garcia do Galho,MA
216,Sofia Pereira,Brito do Campo,RS
217,Helena Lopes,da Conceição de Jesus,MT
218,Maria Liz Leão,Dias,PA
219,Dr. Marcelo Cassiano,Azevedo de Borges,TO
220,Caleb Lopes,Souza,SC
221,Sr. Bento Pastor,Rios do Campo,PA
222,Dr. Benjamim da Paz,Fogaça do Campo,RJ
223,Hadassa Cassiano,Câmara de Caldeira,MS
224,Maria Eduarda Camargo,Oliveira de Goiás,SE
225,Amanda Pereira,Alves da Serra,GO
226,Sra. Maitê Ferreira,Cirino,BA
227,Maria Liz Azevedo,Sousa,RS
228,Caleb Souza,Garcia,PA
229,Manuela Castro,das Neves Alegre,SP
230,Antonella Aragão,Castro,SP
231,Ana Julia Rocha,da Mata,PB
232,Mariana Mendonça,Leão de da Mata,DF
233,Bruna Ferreira,Camargo da Mata,RO
234,Raquel Moura,Aparecida de Goiás,MG
235,Ana Laura Abreu,da Rosa,DF
236,José Miguel da Rocha,Campos do Sul,PR
237,Sra. Emanuella Cardoso,Nascimento de Goiás,PE
238,Maria Barbosa,Sousa do Norte,PA
239,Raul Barbosa,Oliveira das Pedras,RJ
240,Maria Vitória da Rocha,Guerra,AC
241,Sr. Raul Sales,Borges das Pedras,AM
242,Pedro Henrique Pastor,Moura de Minas,MG
243,Lucca Câmara,Vasconcelos da Serra,AP
244,Bruna Moura,Vasconcelos,MS
245,Sr. Isaac Caldeira,da Cunha,DF
246,Eduardo Teixeira,Cavalcanti,SP
247,Sabrina Martins,Rodrigues de Nunes,RS
248,Luna Pires,Cassiano dos Dourados,AP
249,Melina Pires,Vieira Paulista,RJ
250,Luiz Gustavo Montenegro,das Neves,PB
251,Ana Carolina Araújo,da Paz de Minas,RS
252,Thiago Gomes,Pacheco de Novaes,SE
253,Srta. Milena Oliveira,Duarte,RN
254,Sarah Cassiano,Machado,AM
255,Sr. Thiago Ramos,Aparecida,ES
256,Sra. Maysa Moura,Fonseca,MS
257,Mathias Jesus,Rocha do Norte,SE
258,Lívia Azevedo,Brito da Prata,RO
259,Larissa da Cunha,Farias,AP
260,Cecília Ferreira,Rezende das Flores,BA
261,Antonella das Neves,Ramos Alegre,TO
262,Vinicius Borges,Moraes da Praia,AC
263,Dr. Fernando Cunha,Vargas do Amparo,DF
264,Davi Miguel Cassiano,da Rocha,SE
265,Thiago Vargas,Ribeiro,MT
266,Caroline Peixoto,Cassiano da Serra,CE
267,Dra. Eloah Silveira,Aparecida de Jesus,MS
268,Isabela Macedo,Sá dos Dourados,ES
269,Isabella das Neves,Correia de Freitas,RO
270,Maysa Martins,Vasconcelos das Flores,PE
271,Mariah Castro,Pereira,BA
272,Benjamim Ramos,Freitas de Novaes,AM
273,Dra. Camila da Paz,Teixeira,CE
274,Rael Moraes,Lopes,AP
275,Rael Ferreira,Leão,AL
276,Sarah Freitas,Gomes,AP
277,Sr. Arthur Dias,Silva,RS
278,Sr. Davi Miguel Andrade,Melo Grande,SP
279,Sra. Melissa Pimenta,Barros,AC
280,Henrique Cassiano,Camargo da Mata,ES
281,Davi Aragão,Leão,RS
282,Natália Azevedo,Monteiro,RN
283,Allana Pires,Silva,BA
284,Paulo Abreu,da Costa Verde,PA
285,Bryan Moura,Azevedo do Galho,PI
286,Sofia Novaes,Gomes,PR
287,Mathias Freitas,Souza do Sul,MS
288,Luiz Felipe da Costa,Vargas,RJ
289,Sra. Catarina Aparecida,Nogueira Alegre,TO
290,Emanuella Vasconcelos,Sampaio de Mendes,RS
291,Davi Luiz Azevedo,Andrade de da Rocha,DF
292,Guilherme Aparecida,das Neves do Galho,MG
293,Olívia da Cunha,Sá,RS
294,João Pedro Fogaça,Rezende,MT
295,Davi Freitas,Guerra dos Dourados,MG
296,Sr. Theo Sales,Freitas de Moreira,GO
297,Otávio Barros,Pereira da Serra,PI
298,Lorenzo Caldeira,Duarte,RO
299,Leandro Machado,Cavalcante dos Dourados,MS
300,Ana Cecília Siqueira,Pimenta das Pedras,GO
301,Ana Laura Barbosa,Fonseca do Galho,SE
302,Dra. Eduarda Alves,Pereira,RO
303,Ana Beatriz Cardoso,da Costa,SP
304,Maria Clara Fonseca,Nunes do Norte,RN
305,Rael Freitas,Macedo de Minas,RJ
306,Vinícius Fonseca,Dias Paulista,ES
307,Apollo Sousa,Monteiro,PE
308,Bárbara da Luz,Santos dos Dourados,DF
309,Laura Sales,Costa de Campos,BA
310,Rael Cavalcanti,Borges de Rodrigues,MT
311,Manuella Santos,Novaes,PI
312,Kaique Castro,Vieira,MS
313,Heloisa Campos,Vieira,BA
314,Thales Alves,Novaes Verde,MS
315,Caroline Pimenta,Azevedo,MA
316,Pietra Moura,Vargas das Pedras,TO
317,Ana Sophia Cardoso,Ramos de Minas,PB
318,Stella Ferreira,Vasconcelos,PI
319,Emilly Vargas,Lopes,PE
320,Davi Moreira,da Rosa,CE
321,Lorenzo Santos,Ferreira,PE
322,Bruno da Cunha,Porto,PI
323,Davi Lucas Pires,Pimenta da Prata,AP
324,Eloá Pastor,Cavalcante,RO
325,Maitê Nunes,Alves,AP
326,João Rezende,Vargas,RJ
327,Ana Monteiro,Ramos da Mata,PR
328,Nathan da Rosa,Barbosa de Sales,AL
329,Pedro Lucas Leão,Martins de Costela,MT
330,Cecília Dias,Siqueira da Praia,MG
331,Léo Moraes,Dias,ES
332,Camila da Mata,da Cruz de Casa Grande,AM
333,João Vitor Gomes,da Cruz da Serra,TO
334,Dr. Gabriel Teixeira,Monteiro,PE
335,Sara das Neves,Almeida de Borges,MG
336,Natália da Costa,Pacheco,MS
337,Benicio da Paz,Peixoto de Rezende,RO
338,Laura Nascimento,Caldeira,PA
339,João Siqueira,Teixeira das Flores,MS
340,Murilo Aragão,Fonseca,PI
341,Brayan Gomes,Teixeira de Novaes,GO
342,Bárbara Cardoso,Gonçalves,MS
343,Dr. Diego Costa,Montenegro do Norte,AL
344,Davi Miguel Silva,Melo do Galho,PB
345,Théo Carvalho,Pimenta Alegre,CE
346,Letícia Pastor,Montenegro do Galho,PI
347,Letícia Melo,Freitas,MT
348,Brenda Leão,Vieira do Sul,RN
349,Julia Rezende,Silveira,AL
350,Pietra Cavalcante,Casa Grande de Goiás,AL
351,Brenda Correia,Macedo,MT
352,Clarice Jesus,Jesus,PE
353,Olivia Sousa,Santos,BA
354,Giovanna Novais,Ribeiro do Amparo,PE
355,Luara Cavalcanti,Nascimento de Fernandes,PI
356,Dr. Rodrigo Correia,da Mota,PI
357,Henry Gabriel da Rosa,Santos do Oeste,RR
358,Sra. Luiza Mendes,Novais Paulista,MA
359,Yago Garcia,Ferreira Grande,MA
360,João Pedro Silva,Ferreira,PB
361,Jade Souza,Cunha de Costa,TO
362,Júlia Novais,Carvalho do Campo,RN
363,Dra. Isabella da Cruz,Rios,PE
364,Igor Aragão,Jesus,MT
365,Sra. Beatriz Rodrigues,Abreu,PI
366,Nicolas Rezende,Mendes de Rezende,DF
367,Lorenzo da Paz,Vargas,AP
368,Isabel Nascimento,Cavalcanti,PA
369,Arthur Miguel Gonçalves,Cirino de Souza,MA
370,Anthony da Rosa,Farias,MA
371,Ísis Moura,Carvalho de Montenegro,PB
372,Gael Camargo,Castro dos Dourados,RS
373,Francisco Albuquerque,Vieira da Mata,RJ
374,Evelyn Cavalcanti,Lima do Galho,MT
375,Murilo Rios,Cirino,BA
376,Luna da Cruz,da Luz,MG
377,Pietro Sá,Farias da Mata,RJ
378,Dra. Alexia da Luz,Sales de Goiás,AL
379,Bárbara Martins,Castro das Flores,RO
380,Luana Sales,Porto,MA
381,Sr. Henry Carvalho,Cassiano de Marques,SC
382,Maria Fernanda Leão,Sá de Nascimento,SE
383,Helena Teixeira,Rodrigues,SP
384,Anna Liz Moura,Moura de Santos,MS
385,Daniel Araújo,Oliveira,PI
386,Enzo Duarte,Camargo de Rodrigues,DF
387,Dra. Rebeca Borges,Araújo de Marques,BA
388,Maria Vitória Marques,Novais,PB
389,Lorena Silveira,Gonçalves,GO
390,Henrique Pacheco,Aparecida,PA
391,Sr. Vitor Hugo Araújo,Melo,AL
392,Nicolas Cirino,Vargas,RS
393,Dra. Mariah Freitas,Machado das Flores,MG
394,Vitor Hugo Carvalho,Campos da Serra,PI
395,Vitória Cardoso,Abreu,SP
396,Kaique Martins,Nascimento das Flores,TO
397,Josué Marques,Cassiano Paulista,DF
398,Srta. Ana Beatriz Ribeiro,Pimenta do Sul,ES
399,Bernardo Brito,Machado,RN
400,Ana Julia da Cruz,Guerra,PB
401,Vitor Hugo Cunha,Carvalho,PE
402,Igor Siqueira,Oliveira Alegre,ES
403,Diego Ribeiro,Jesus,MA
404,Bento Novais,Pires,RO
405,Sabrina Aragão,Ramos das Flores,SE
406,Luiza Sampaio,Jesus Grande,MA
407,Ester Sá,da Costa de Câmara,MA
408,Srta. Nicole Araújo,Leão da Prata,PE
409,Mathias da Cruz,Costela Alegre,RS
410,Rael Freitas,Nascimento,SC
411,Benjamim da Mata,Rocha do Norte,AP
412,Henrique Mendes,Farias,MA
413,Heitor Correia,Souza,SP
414,Isabelly Sampaio,Gonçalves,ES
415,Luna Vasconcelos,Garcia dos Dourados,PI
416,Maria Alice das Neves,Fonseca do Galho,PR
417,Beatriz Silveira,Teixeira de Dias,DF
418,Dr. Noah Aparecida,Sousa,BA
419,José Pedro Novaes,da Rocha Grande,DF
420,Sr. Mateus Nunes,Monteiro,PI
421,Maitê da Cunha,Silveira de Ramos,SC
422,Natália Cavalcante,Cavalcante Grande,SC
423,Rebeca Cirino,Moura,AL
424,Benicio Teixeira,Jesus,BA
425,Isabel Azevedo,Albuquerque,DF
426,Mirella Freitas,Pinto,RS
427,Rafaela Ribeiro,Almeida de Abreu,PI
428,Maria Sophia Albuquerque,Moura,SC
429,Vitor Gabriel da Paz,Montenegro,TO
430,Dra. Marina Cavalcanti,Brito,PE
431,Isaque Correia,Fogaça Paulista,SE
432,Anna Liz Freitas,Marques Verde,ES
433,Srta. Letícia Rodrigues,Rezende,RS
434,Caleb Guerra,Garcia da Prata,PR
435,Anthony Sampaio,Barros,PR
436,Luísa Nunes,Moura,AL
437,Heitor Sales,da Mata de Aparecida,AP
438,Lara Nogueira,Cavalcanti,MT
439,Gustavo Henrique Pastor,Sá,TO
440,Sra. Ana Vitória da Rosa,Nunes,ES
441,Maria Julia Rocha,Gomes Grande,SE
442,Dra. Anna Liz Montenegro,Aragão do Campo,PA
443,Breno Fernandes,Vasconcelos Alegre,AC
444,Júlia Viana,Mendonça de da Conceição,MS
445,Maria Flor Lopes,Rodrigues,RJ
446,Maria Helena Barros,da Cruz de Minas,AP
447,Eduardo Garcia,Sousa,MG
448,Dr. Cauê Borges,das Neves,PB
449,Dr. Cauã Cardoso,Cirino,PA
450,Sophie Jesus,Alves,AP
451,Sr. Luan Gomes,da Rocha,PA
452,Antonella Silveira,Oliveira,PE
453,Mateus Cavalcante,da Mata,MA
454,Thales Casa Grande,Cavalcante,PA
455,Otto da Rosa,Viana de Barbosa,MS
456,Josué Silveira,Peixoto de Pimenta,DF
457,Bianca Carvalho,Abreu das Flores,MT
458,Maria Helena Farias,Farias de Lopes,TO
459,Catarina da Rosa,Pereira do Oeste,PR
460,Sr. Miguel Dias,Sousa do Amparo,RJ
461,Luan Garcia,Viana das Flores,MS
462,Guilherme Pastor,Rodrigues,SP
463,Amanda Siqueira,Santos de Costela,PB
464,Bernardo Vieira,Rocha do Amparo,BA
465,Liz da Costa,Ribeiro Grande,RR
466,Maria Flor Barbosa,Peixoto de Mendes,RJ
467,Yasmin Montenegro,Nogueira do Norte,SE
468,Sr. Cauê Vargas,Ribeiro,RO
469,Sr. Augusto Nunes,Sá Alegre,SE
470,Bianca Albuquerque,da Luz,ES
471,Stella Novais,Machado,MS
472,Nicole Vargas,Ferreira,AC
473,Bella da Rocha,Barros do Campo,TO
474,Srta. Marcela das Neves,Marques do Oeste,PE
475,Marcela Melo,Macedo,SC
476,Sra. Luiza Azevedo,Aparecida do Campo,AC
477,Sr. Enzo Sousa,Moreira,CE
478,Eduarda Farias,Martins de Goiás,SE
479,Ester Cirino,Gonçalves do Sul,SC
480,Fernanda Machado,Gomes do Sul,RR
481,Gustavo da Mota,Oliveira,AM
482,Ester Fonseca,Costa dos Dourados,AM
483,Samuel Moura,Peixoto das Flores,RN
484,Bruna Ferreira,Marques da Serra,TO
485,Letícia Pimenta,Rocha,BA
486,Sr. Isaque das Neves,Cirino,MS
487,Srta. Sophia Gomes,Peixoto Grande,RJ
488,Mariana Cirino,Porto de Nascimento,RR
489,Emanuella Novais,Mendonça,MA
490,Francisco Dias,Pinto de Aragão,MS
491,Ryan Carvalho,Gomes,PI
492,Sabrina Jesus,Leão de Santos,TO
493,Rebeca Cavalcante,Nunes,AC
494,João Vitor Andrade,Câmara da Prata,MA
495,Raul Nunes,Novaes de Moraes,AM
496,Bruna da Mata,Nogueira do Norte,SP
497,Sra. Ísis Cunha,Caldeira de Goiás,MA
498,Rael da Luz,Borges dos Dourados,AM
499,Gustavo Henrique Sousa,Santos das Pedras,CE
500,Cecilia Viana,Costela,SE
