order_id,customer_id,order_date,status
1,328,2026-05-01,completed
2,380,2025-10-08,completed
3,115,2025-09-04,completed
4,53,2026-06-09,completed
5,457,2025-12-10,completed
6,303,2025-11-29,completed
7,16,2025-11-20,completed
8,120,2025-10-19,completed
9,14,2026-06-08,completed
10,367,2025-10-04,completed
11,280,2026-05-15,completed
12,230,2026-06-09,completed
13,415,2026-08-07,processing
14,389,2026-03-25,processing
15,358,2025-09-28,completed
16,143,2026-04-12,completed
17,491,2026-02-05,completed
18,53,2025-09-07,completed
19,50,2025-09-06,completed
20,177,2025-10-01,completed
21,414,2025-11-18,completed
22,236,2025-11-24,completed
23,499,2026-03-10,processing
24,41,2026-04-16,completed
25,425,2025-09-05,completed
26,454,2026-03-31,processing
27,296,2025-11-11,completed
28,36,2026-05-31,completed
29,117,2026-05-05,completed
30,41,2026-05-25,processing
31,444,2026-03-25,completed
32,143,2026-02-04,completed
33,428,2025-11-19,completed
34,190,2026-02-16,completed
35,344,2026-04-11,completed
36,480,2025-12-12,completed
37,37,2026-07-06,completed
38,88,2026-07-29,completed
39,126,2025-08-28,completed
40,195,2026-06-16,completed
41,474,2026-07-04,completed
42,286,2025-10-27,completed
43,167,2026-05-24,processing
44,398,2026-02-06,completed
45,421,2026-01-05,completed
46,162,2025-12-11,completed
47,34,2025-10-25,completed
48,483,2025-11-17,completed
49,368,2026-06-18,completed
50,336,2026-01-03,completed
51,453,2025-10-04,processing
52,235,2025-10-01,completed
53,72,2026-01-20,completed
54,288,2025-10-02,completed
55,383,2026-01-12,completed
56,460,2026-07-21,completed
57,186,2026-01-06,completed
58,71,2026-04-17,completed
59,47,2025-12-06,completed
60,441,2026-07-05,completed
61,322,2025-09-11,completed
62,349,2026-06-05,completed
63,33,2026-02-20,completed
64,306,2026-03-22,cancelled
65,271,2025-10-13,completed
66,284,2026-08-19,processing
67,6,2026-01-20,completed
68,59,2025-09-25,completed
69,275,2026-03-28,completed
70,394,2025-12-17,completed
71,58,2026-07-14,completed
72,81,2026-04-27,completed
73,489,2026-04-23,completed
74,369,2026-08-04,completed
75,257,2026-07-26,completed
76,260,2026-01-13,processing
77,446,2026-04-07,completed
78,431,2025-11-08,completed
79,312,2026-05-26,completed
80,192,2025-09-22,completed
81,277,2025-09-12,cancelled
82,473,2026-05-09,completed
83,1,2025-11-22,completed
84,251,2026-06-22,completed
85,476,2025-12-16,completed
86,426,2025-09-25,processing
87,123,2026-07-24,completed
88,450,2025-11-24,completed
89,41,2026-07-28,completed
90,249,2025-10-04,processing
91,390,2026-01-20,completed
92,65,2025-12-11,completed
93,244,2026-02-18,processing
94,85,2026-04-29,completed
95,447,2026-07-15,completed
96,494,2026-01-14,completed
97,277,2025-10-28,completed
98,354,2026-01-16,completed
99,160,2026-01-10,completed
100,344,2025-11-15,completed
101,225,2026-05-13,processing
102,232,2025-12-07,completed
103,116,2026-05-25,completed
104,11,2026-08-24,completed
105,118,2026-05-18,completed
106,4,2026-05-04,completed
107,324,2025-09-22,completed
108,35,2026-04-19,processing
109,441,2026-04-29,completed
110,264,2025-10-31,completed
111,343,2026-03-21,completed
112,277,2026-06-05,completed
113,479,2025-11-29,processing
114,296,2025-10-28,completed
115,402,2026-02-21,completed
116,209,2026-01-20,completed
117,50,2025-12-08,completed
118,182,2026-08-20,completed
119,240,2026-05-01,processing
120,28,2026-05-20,completed
121,331,2026-03-30,completed
122,207,2025-11-19,completed
123,410,2026-05-18,processing
124,128,2025-12-29,completed
125,275,2026-07-19,completed
126,217,2026-06-20,completed
127,237,2026-06-23,completed
128,473,2025-09-16,completed
129,414,2025-11-22,processing
130,282,2026-07-11,completed
131,334,2025-09-07,cancelled
132,429,2026-07-04,completed
133,48,2025-12-26,processing
134,435,2026-01-28,completed
135,209,2025-12-07,completed
136,110,2025-09-20,processing
137,463,2025-11-15,completed
138,195,2026-08-15,completed
139,200,2026-04-03,completed
140,402,2026-08-01,completed
141,147,2026-05-31,completed
142,491,2025-12-26,completed
143,402,2025-11-16,completed
144,368,2026-05-07,completed
145,98,2026-03-07,completed
146,496,2026-01-26,completed
147,377,2026-08-04,completed
148,383,2026-08-16,completed
149,26,2026-05-02,completed
150,258,2026-02-20,processing
151,272,2025-10-20,completed
152,492,2025-12-06,completed
153,436,2025-10-19,completed
154,305,2025-11-29,completed
155,442,2026-06-11,completed
156,62,2026-04-01,processing
157,292,2026-03-23,completed
158,305,2025-12-06,completed
159,42,2026-06-12,completed
160,299,2026-04-10,completed
161,162,2026-02-08,processing
162,105,2026-08-09,completed
163,161,2026-04-09,completed
164,203,2026-01-28,completed
165,331,2026-01-13,completed
166,162,2025-11-19,processing
167,480,2025-10-18,completed
168,235,2026-03-11,completed
169,289,2026-03-05,cancelled
170,38,2025-09-30,completed
171,260,2026-06-15,completed
172,478,2025-09-13,completed
173,36,2026-07-26,processing
174,190,2025-10-07,completed
175,225,2025-10-24,processing
176,361,2026-04-26,completed
177,414,2025-10-27,completed
178,5,2026-06-29,completed
179,284,2026-05-17,completed
180,340,2026-02-05,completed
181,450,2026-04-14,completed
182,60,2025-09-19,processing
183,381,2026-01-22,completed
184,140,2026-01-21,completed
185,108,2026-04-14,completed
186,105,2026-02-23,completed
187,437,2026-03-19,completed
188,251,2025-12-01,completed
189,465,2026-03-28,processing
190,48,2026-07-26,completed
191,425,2025-08-30,completed
192,2,2026-05-17,completed
193,67,2026-06-01,completed
194,135,2025-10-09,completed
195,227,2026-05-17,completed
196,219,2026-08-04,completed
197,58,2026-03-22,completed
198,453,2026-06-13,completed
199,77,2025-12-07,completed
200,428,2026-06-20,completed
201,283,2026-05-01,completed
202,66,2026-01-05,completed
203,187,2025-10-08,processing
204,408,2025-12-17,cancelled
205,21,2026-02-10,processing
206,108,2025-10-26,completed
207,342,2026-02-18,completed
208,400,2025-08-27,completed
209,448,2026-06-02,completed
210,318,2026-08-01,completed
211,474,2026-06-01,processing
212,443,2025-12-06,completed
213,410,2026-03-08,processing
214,452,2026-06-17,completed
215,92,2025-11-03,completed
216,171,2026-03-11,completed
217,211,2026-08-15,processing
218,443,2025-10-06,completed
219,128,2026-07-30,completed
220,404,2026-04-25,completed
221,196,2025-12-19,processing
222,440,2026-07-18,completed
223,103,2026-05-01,processing
224,236,2026-03-11,completed
225,421,2026-04-19,completed
226,117,2025-11-11,completed
227,338,2025-10-24,completed
228,169,2026-01-18,completed
229,36,2026-06-18,cancelled
230,143,2025-10-27,completed
231,261,2026-03-23,completed
232,432,2026-06-24,completed
233,481,2026-08-19,completed
234,450,2026-03-19,cancelled
235,92,2026-08-17,completed
236,136,2025-08-26,completed
237,306,2026-04-15,completed
238,374,2025-12-29,completed
239,224,2026-03-03,completed
240,262,2025-09-02,completed
241,461,2025-10-08,completed
242,131,2026-08-21,completed
243,224,2026-01-13,completed
244,474,2026-08-02,processing
245,352,2026-07-14,completed
246,380,2026-07-05,completed
247,101,2025-12-23,completed
248,36,2025-11-26,processing
249,472,2025-09-17,completed
250,161,2025-11-27,completed
251,64,2026-08-01,completed
252,154,2026-04-03,completed
253,342,2025-09-25,completed
254,207,2025-09-28,completed
255,284,2026-06-06,completed
256,216,2026-03-02,completed
257,195,2026-07-08,completed
258,463,2025-09-21,completed
259,292,2026-06-17,completed
260,281,2026-03-20,processing
261,156,2026-06-19,completed
262,221,2025-10-13,completed
263,311,2025-10-14,completed
264,239,2026-05-09,completed
265,346,2026-02-26,completed
266,243,2026-03-27,completed
267,492,2025-10-29,completed
268,87,2025-12-06,completed
269,146,2026-03-18,completed
270,325,2026-07-30,completed
271,48,2026-04-18,processing
272,385,2026-02-06,completed
273,159,2025-11-16,completed
274,102,2026-08-21,completed
275,24,2026-03-23,completed
276,244,2026-06-15,completed
277,394,2026-06-05,completed
278,213,2026-05-20,processing
279,295,2025-11-12,completed
280,357,2026-05-29,completed
281,205,2025-12-25,completed
282,336,2026-01-27,completed
283,458,2026-05-13,completed
284,395,2026-05-05,processing
285,399,2026-01-18,completed
286,91,2026-02-12,processing
287,357,2026-08-10,completed
288,26,2026-03-15,completed
289,470,2026-02-17,processing
290,234,2025-10-11,completed
291,238,2025-11-30,completed
292,287,2025-11-21,completed
293,487,2025-09-19,completed
294,227,2026-01-04,completed
295,369,2025-09-03,processing
296,219,2026-04-11,processing
297,281,2026-03-29,completed
298,82,2025-11-23,completed
299,244,2026-04-11,completed
300,385,2025-11-19,completed
301,327,2025-08-28,completed
302,399,2025-09-22,completed
303,321,2026-05-27,completed
304,226,2026-04-28,completed
305,147,2025-09-17,completed
306,172,2025-11-22,completed
307,277,2025-09-21,completed
308,78,2026-08-12,completed
309,356,2025-09-07,completed
310,110,2026-07-25,completed
311,209,2026-01-01,completed
312,239,2025-09-22,completed
313,106,2026-03-13,processing
314,200,2025-11-26,processing
315,300,2025-12-12,processing
316,11,2026-05-12,processing
317,392,2026-03-02,completed
318,245,2025-11-17,completed
319,181,2026-03-23,completed
320,200,2025-10-16,processing
321,489,2026-06-02,processing
322,276,2026-08-24,completed
323,280,2026-08-03,completed
324,460,2026-04-04,completed
325,113,2026-04-06,completed
326,249,2026-02-25,completed
327,173,2025-11-28,completed
328,409,2026-06-26,completed
329,85,2026-02-25,processing
330,471,2026-07-05,completed
331,319,2026-01-31,completed
332,465,2025-11-07,completed
333,289,2025-10-01,completed
334,43,2025-10-02,completed
335,70,2026-05-08,processing
336,94,2026-02-09,completed
337,195,2026-01-10,completed
338,233,2026-02-06,completed
339,390,2026-02-01,processing
340,143,2026-02-23,completed
341,426,2026-07-27,completed
342,428,2026-06-05,completed
343,10,2025-09-16,completed
344,27,2026-05-14,cancelled
345,180,2026-05-06,completed
346,36,2026-05-03,completed
347,334,2025-10-03,completed
348,16,2025-09-18,processing
349,103,2026-01-29,processing
350,319,2026-06-04,completed
351,65,2026-01-04,completed
352,59,2026-07-02,completed
353,112,2026-07-26,completed
354,132,2025-10-07,completed
355,86,2025-11-30,completed
356,494,2025-11-08,completed
357,59,2025-11-07,completed
358,84,2026-03-22,cancelled
359,56,2026-02-16,completed
360,476,2025-10-19,completed
361,347,2026-02-05,processing
362,193,2025-11-05,completed
363,367,2025-12-12,completed
364,304,2026-02-21,completed
365,322,2025-12-01,completed
366,357,2026-07-31,completed
367,436,2026-08-19,completed
368,413,2025-09-24,completed
369,290,2026-02-14,completed
370,178,2026-07-05,completed
371,339,2026-07-26,completed
372,260,2026-07-24,completed
373,7,2026-03-27,processing
374,422,2025-10-03,completed
375,222,2025-09-14,cancelled
376,326,2026-05-06,processing
377,236,2026-03-23,completed
378,223,2026-07-16,completed
379,268,2025-08-31,cancelled
380,139,2025-10-01,completed
381,471,2026-08-20,completed
382,248,2026-06-14,completed
383,423,2026-07-21,completed
384,138,2025-11-25,completed
385,126,2025-10-29,processing
386,45,2026-01-30,completed
387,231,2026-03-02,completed
388,238,2026-02-28,completed
389,343,2025-11-17,completed
390,15,2026-07-27,completed
391,167,2026-01-28,completed
392,109,2026-08-11,completed
393,133,2025-09-17,completed
394,451,2025-10-28,completed
395,451,2026-01-20,completed
396,6,2025-08-26,completed
397,98,2026-01-24,completed
398,369,2025-12-06,completed
399,285,2026-08-20,completed
400,354,2026-06-26,completed
401,365,2026-06-26,completed
402,406,2026-02-18,completed
403,151,2025-12-14,completed
404,355,2026-02-06,completed
405,340,2026-05-23,completed
406,243,2026-06-05,completed
407,177,2026-06-26,completed
408,382,2026-03-29,completed
409,181,2026-05-10,completed
410,139,2026-06-01,completed
411,119,2026-03-03,completed
412,99,2025-10-25,completed
413,381,2025-11-07,completed
414,391,2025-12-19,completed
415,99,2025-11-18,completed
416,248,2025-09-17,completed
417,302,2026-04-07,cancelled
418,269,2026-06-07,completed
419,52,2026-03-24,processing
420,152,2025-09-18,completed
421,92,2026-06-12,completed
422,363,2025-12-25,completed
423,141,2025-09-17,completed
424,28,2025-09-14,completed
425,358,2026-04-09,processing
426,327,2026-02-27,processing
427,252,2026-03-09,completed
428,7,2026-08-18,completed
429,241,2026-07-23,completed
430,175,2026-03-20,completed
431,27,2025-10-26,completed
432,442,2025-09-17,completed
433,421,2026-03-11,completed
434,252,2025-09-26,completed
435,323,2026-07-22,completed
436,78,2025-11-06,completed
437,289,2025-09-21,processing
438,44,2026-04-14,cancelled
439,61,2025-09-21,completed
440,214,2026-05-15,completed
441,405,2026-07-26,completed
442,398,2025-11-25,completed
443,231,2026-01-29,processing
444,153,2025-10-11,processing
445,220,2026-08-26,completed
446,318,2026-08-06,completed
447,492,2026-04-04,completed
448,486,2025-11-29,completed
449,321,2026-04-07,completed
450,339,2026-04-13,completed
451,123,2025-09-10,completed
452,39,2026-04-23,completed
453,210,2025-09-26,completed
454,305,2026-02-04,completed
455,17,2026-05-08,completed
456,362,2026-04-09,completed
457,441,2026-04-02,completed
458,352,2026-03-17,completed
459,136,2025-12-26,completed
460,321,2026-08-24,completed
461,412,2025-12-05,processing
462,218,2025-11-13,completed
463,116,2026-05-13,completed
464,466,2026-05-31,completed
465,73,2025-12-26,completed
466,85,2025-11-26,completed
467,305,2025-12-07,completed
468,292,2026-01-26,processing
469,225,2025-10-15,completed
470,353,2026-05-13,completed
471,207,2026-05-03,processing
472,257,2025-12-20,completed
473,225,2026-02-19,completed
474,21,2025-12-26,processing
475,377,2026-08-21,completed
476,129,2026-06-13,completed
477,118,2026-08-24,cancelled
478,429,2025-09-23,processing
479,301,2025-08-29,cancelled
480,392,2026-02-19,completed
481,138,2026-04-24,completed
482,391,2026-04-01,completed
483,241,2025-10-03,completed
484,227,2025-09-23,processing
485,93,2026-03-22,cancelled
486,224,2025-11-16,completed
487,252,2026-03-10,cancelled
488,241,2025-12-06,completed
489,171,2025-10-16,completed
490,54,2026-08-23,processing
491,169,2026-01-08,completed
492,254,2026-08-03,completed
493,484,2025-09-21,completed
494,390,2026-08-02,completed
495,233,2025-11-28,completed
496,130,2026-01-16,completed
497,497,2025-12-14,completed
498,443,2025-10-26,completed
499,1,2026-02-12,completed
500,278,2026-07-15,completed
501,28,2026-03-24,completed
502,186,2026-05-26,completed
503,256,2025-12-21,completed
504,390,2026-04-20,completed
505,137,2026-07-05,completed
506,475,2026-05-06,completed
507,451,2026-03-19,completed
508,63,2025-08-29,completed
509,323,2026-05-12,completed
510,123,2026-07-09,completed
511,160,2026-03-29,completed
512,283,2025-12-20,completed
513,116,2026-08-22,cancelled
514,468,2026-05-10,completed
515,485,2025-10-05,completed
516,427,2026-08-25,completed
517,478,2026-08-02,completed
518,261,2025-10-17,completed
519,213,2025-12-06,processing
520,242,2025-10-09,completed
521,283,2026-08-06,completed
522,98,2025-10-06,processing
523,261,2026-06-10,completed
524,70,2026-03-28,processing
525,142,2025-10-25,completed
526,438,2025-12-09,completed
527,479,2025-12-13,completed
528,137,2026-04-17,processing
529,145,2025-11-15,completed
530,429,2026-05-31,completed
531,338,2026-01-06,completed
532,77,2025-11-13,completed
533,248,2026-05-19,completed
534,283,2026-04-29,completed
535,194,2026-07-23,completed
536,165,2025-12-06,processing
537,358,2026-03-10,completed
538,197,2026-03-03,completed
539,398,2025-12-01,completed
540,163,2026-08-12,completed
541,362,2026-08-13,processing
542,196,2026-07-20,completed
543,340,2025-09-14,completed
544,334,2025-09-30,cancelled
545,254,2026-04-29,cancelled
546,65,2026-02-06,completed
547,303,2026-07-14,completed
548,52,2025-12-11,processing
549,226,2025-09-12,completed
550,467,2025-08-27,completed
551,370,2026-01-02,completed
552,446,2026-06-21,completed
553,80,2025-10-15,completed
554,401,2026-04-30,cancelled
555,174,2025-12-05,completed
556,204,2025-10-27,completed
557,437,2026-06-09,completed
558,346,2026-02-13,processing
559,195,2026-03-28,cancelled
560,321,2026-05-27,completed
561,389,2026-02-08,completed
562,278,2026-03-31,completed
563,36,2025-08-29,completed
564,351,2025-10-08,processing
565,117,2025-09-24,completed
566,223,2026-08-03,cancelled
567,390,2026-05-21,completed
568,447,2026-08-12,completed
569,86,2025-10-22,completed
570,463,2026-03-25,completed
571,167,2025-09-08,completed
572,151,2026-07-16,completed
573,221,2026-01-16,completed
574,272,2026-04-09,completed
575,350,2026-03-28,completed
576,88,2025-10-22,completed
577,313,2026-02-08,processing
578,318,2025-10-14,completed
579,255,2025-09-11,processing
580,74,2025-12-23,completed
581,327,2026-01-14,completed
582,131,2026-08-10,completed
583,461,2026-08-23,processing
584,462,2026-07-01,completed
585,280,2026-07-26,completed
586,227,2025-09-10,processing
587,301,2026-08-10,completed
588,493,2026-01-11,completed
589,129,2025-11-15,completed
590,155,2026-05-17,completed
591,197,2025-11-30,processing
592,55,2026-05-12,completed
593,293,2025-10-04,completed
594,152,2026-01-10,cancelled
595,152,2026-06-24,completed
596,425,2026-03-31,completed
597,141,2026-08-04,completed
598,443,2026-07-31,completed
599,382,2026-01-30,cancelled
600,467,2026-04-24,completed
601,255,2026-06-13,processing
602,463,2025-10-25,completed
603,410,2026-08-20,completed
604,411,2026-08-22,completed
605,326,2025-11-25,completed
606,129,2026-07-27,completed
607,370,2025-10-28,completed
608,349,2026-07-02,processing
609,322,2026-07-06,completed
610,322,2025-11-02,completed
611,159,2026-08-03,completed
612,18,2026-02-02,completed
613,375,2025-09-04,completed
614,466,2025-11-03,completed
615,383,2026-06-08,completed
616,103,2026-08-20,completed
617,277,2026-01-02,processing
618,188,2026-06-25,completed
619,468,2026-08-22,completed
620,85,2026-02-01,completed
621,423,2026-07-03,processing
622,496,2026-05-13,processing
623,383,2026-07-27,processing
624,412,2026-06-07,completed
625,494,2026-07-06,completed
626,387,2025-11-30,cancelled
627,441,2025-12-07,completed
628,346,2025-10-26,cancelled
629,496,2026-06-27,processing
630,286,2026-05-25,completed
631,405,2025-10-06,completed
632,136,2026-01-21,completed
633,233,2026-07-30,completed
634,384,2025-09-10,completed
635,300,2026-07-25,completed
636,327,2026-02-24,processing
637,56,2025-11-20,completed
638,242,2025-11-11,completed
639,453,2026-07-09,processing
640,168,2026-08-17,processing
641,114,2026-02-20,completed
642,326,2026-01-08,processing
643,466,2025-12-22,completed
644,333,2026-07-10,completed
645,72,2026-06-30,completed
646,20,2026-07-30,completed
647,253,2025-11-22,completed
648,121,2025-11-20,processing
649,70,2025-09-04,completed
650,190,2026-05-09,completed
651,381,2025-11-09,completed
652,277,2026-01-27,completed
653,381,2025-12-31,completed
654,454,2025-12-12,completed
655,51,2026-07-27,processing
656,316,2025-09-21,completed
657,488,2026-06-22,completed
658,354,2025-12-12,completed
659,228,2026-01-09,completed
660,121,2026-05-02,processing
661,51,2026-03-11,cancelled
662,189,2026-01-28,completed
663,331,2026-05-16,completed
664,204,2026-07-19,completed
665,496,2026-03-22,completed
666,435,2026-01-01,processing
667,47,2026-08-25,completed
668,329,2025-09-05,completed
669,498,2025-10-09,completed
670,403,2026-08-01,completed
671,65,2025-12-05,completed
672,106,2025-11-03,completed
673,392,2026-04-08,completed
674,301,2025-12-07,completed
675,446,2025-09-09,completed
676,397,2025-10-07,completed
677,462,2026-04-14,completed
678,142,2026-02-10,processing
679,75,2026-01-07,cancelled
680,277,2026-06-04,completed
681,90,2026-06-27,completed
682,444,2025-12-25,completed
683,8,2026-02-11,completed
684,404,2026-04-18,completed
685,166,2026-03-12,completed
686,136,2025-10-09,completed
687,380,2026-01-22,completed
688,59,2026-08-10,completed
689,244,2026-04-06,completed
690,186,2025-11-07,completed
691,56,2025-12-02,completed
692,114,2025-09-12,processing
693,23,2026-05-28,completed
694,466,2026-02-11,processing
695,267,2025-08-26,completed
696,330,2026-03-15,cancelled
697,32,2026-08-20,cancelled
698,434,2026-07-05,completed
699,352,2026-03-23,completed
700,365,2026-05-19,processing
701,38,2026-06-01,processing
702,165,2026-08-26,completed
703,34,2026-06-10,completed
704,320,2026-06-08,completed
705,281,2026-05-13,completed
706,196,2025-11-10,cancelled
707,272,2026-01-14,completed
708,259,2026-02-09,completed
709,51,2025-09-22,completed
710,59,2026-05-10,processing
711,334,2026-08-18,processing
712,283,2026-01-01,completed
713,111,2026-04-25,completed
714,455,2025-12-25,completed
715,174,2026-05-10,processing
716,205,2026-07-21,completed
717,49,2025-10-13,completed
718,161,2026-06-01,completed
719,192,2026-08-10,cancelled
720,352,2025-12-20,processing
721,35,2026-03-10,completed
722,44,2025-12-24,completed
723,50,2026-05-11,completed
724,191,2026-01-31,processing
725,285,2025-12-30,completed
726,490,2026-01-29,completed
727,169,2026-05-23,completed
728,211,2025-12-18,completed
729,341,2026-03-29,processing
730,217,2025-10-14,processing
731,370,2025-11-08,completed
732,148,2026-02-05,completed
733,181,2026-05-11,completed
734,260,2026-08-26,completed
735,337,2026-01-20,completed
736,434,2026-05-16,completed
737,433,2026-06-12,completed
738,59,2026-08-11,completed
739,294,2025-11-01,completed
740,220,2026-04-22,processing
741,499,2026-04-04,completed
742,319,2025-12-20,completed
743,330,2026-01-30,completed
744,312,2026-03-26,processing
745,425,2026-07-15,completed
746,15,2025-08-26,completed
747,360,2025-12-22,completed
748,472,2025-12-15,completed
749,4,2025-11-15,completed
750,74,2026-02-08,completed
751,206,2026-06-27,completed
752,380,2026-04-08,completed
753,16,2026-04-18,completed
754,272,2026-05-07,completed
755,215,2025-12-29,completed
756,81,2026-02-22,completed
757,370,2026-02-13,completed
758,483,2026-02-13,completed
759,44,2026-05-15,processing
760,80,2025-11-16,completed
761,317,2026-03-12,completed
762,42,2026-02-25,completed
763,339,2026-06-30,completed
764,311,2026-08-10,completed
765,140,2026-07-01,completed
766,263,2026-06-07,completed
767,221,2025-10-30,completed
768,348,2026-05-08,completed
769,250,2025-09-27,completed
770,158,2025-12-14,completed
771,203,2026-03-14,cancelled
772,29,2026-05-10,completed
773,155,2026-04-28,processing
774,393,2026-04-23,completed
775,131,2026-01-03,completed
776,62,2025-10-01,completed
777,383,2026-07-09,completed
778,67,2026-06-13,completed
779,361,2025-11-25,completed
780,287,2026-05-14,processing
781,413,2025-12-24,completed
782,204,2025-11-21,processing
783,22,2026-07-05,completed
784,236,2025-11-11,processing
785,442,2025-10-22,completed
786,220,2025-09-04,completed
787,364,2025-09-12,completed
788,149,2025-11-29,completed
789,11,2026-02-26,cancelled
790,88,2026-04-20,processing
791,317,2026-07-22,completed
792,354,2026-06-20,processing
793,46,2025-09-23,completed
794,55,2026-02-18,completed
795,302,2026-02-02,completed
796,41,2026-08-05,completed
797,159,2026-04-27,completed
798,114,2026-04-06,completed
799,87,2025-11-09,completed
800,325,2026-05-31,completed
801,262,2026-05-23,completed
802,398,2026-01-22,completed
803,373,2026-03-05,cancelled
804,331,2026-01-28,processing
805,121,2025-11-28,completed
806,132,2025-10-22,completed
807,309,2026-05-07,completed
808,389,2026-05-20,completed
809,91,2025-08-28,cancelled
810,322,2026-08-07,completed
811,387,2026-06-13,completed
812,297,2026-07-26,completed
813,474,2026-06-21,processing
814,330,2026-08-04,completed
815,320,2025-10-06,completed
816,498,2026-06-24,completed
817,78,2026-02-07,completed
818,241,2025-11-18,completed
819,156,2025-11-02,completed
820,303,2026-07-04,completed
821,260,2026-05-23,completed
822,237,2026-03-15,completed
823,30,2026-02-22,completed
824,147,2025-09-14,completed
825,443,2026-03-30,cancelled
826,47,2025-11-30,completed
827,260,2026-08-17,completed
828,298,2026-07-21,completed
829,406,2025-10-12,completed
830,22,2026-02-19,completed
831,415,2025-10-16,completed
832,97,2026-07-03,completed
833,244,2026-02-22,completed
834,491,2026-05-12,completed
835,53,2026-03-20,processing
836,429,2026-03-31,completed
837,366,2026-04-14,completed
838,331,2025-12-27,completed
839,127,2026-06-15,completed
840,225,2026-08-07,completed
841,313,2026-02-13,completed
842,191,2026-04-20,processing
843,199,2026-07-08,completed
844,174,2026-06-01,completed
845,27,2026-08-07,completed
846,332,2026-03-10,completed
847,169,2026-02-07,completed
848,348,2026-07-14,completed
849,130,2026-08-13,completed
850,337,2026-03-26,cancelled
851,309,2026-02-15,processing
852,171,2026-08-09,completed
853,340,2025-10-26,completed
854,180,2026-06-10,completed
855,336,2026-07-26,completed
856,201,2026-02-26,completed
857,363,2026-02-16,processing
858,159,2025-12-04,completed
859,330,2026-06-13,completed
860,417,2025-11-30,completed
861,360,2026-07-18,processing
862,379,2026-04-30,cancelled
863,468,2025-12-11,completed
864,331,2026-06-19,completed
865,261,2026-06-24,completed
866,186,2026-03-16,completed
867,487,2026-03-02,completed
868,486,2026-04-26,completed
869,99,2025-11-26,completed
870,71,2025-12-10,completed
871,152,2026-02-12,processing
872,52,2025-09-25,completed
873,277,2026-05-30,processing
874,453,2025-12-14,completed
875,339,2025-11-25,completed
876,393,2025-12-09,completed
877,306,2026-01-03,completed
878,84,2025-12-28,completed
879,355,2026-08-07,completed
880,415,2026-03-23,processing
881,370,2025-09-26,completed
882,211,2025-10-18,completed
883,369,2025-10-23,completed
884,228,2025-11-23,completed
885,386,2026-01-21,completed
886,230,2026-05-22,completed
887,123,2025-10-24,completed
888,415,2026-05-27,completed
889,463,2025-11-17,processing
890,189,2025-09-19,completed
891,293,2026-02-03,cancelled
892,237,2026-01-31,completed
893,399,2026-01-01,completed
894,271,2026-03-24,completed
895,83,2026-02-22,processing
896,411,2026-02-03,completed
897,447,2025-09-19,completed
898,329,2025-11-14,completed
899,191,2026-07-15,completed
900,53,2026-02-05,completed
901,265,2026-01-24,processing
902,146,2026-08-12,completed
903,83,2026-06-20,completed
904,464,2026-04-09,completed
905,426,2026-05-23,completed
906,485,2025-09-02,processing
907,419,2026-07-24,completed
908,179,2026-08-03,processing
909,213,2026-06-19,completed
910,258,2026-04-06,completed
911,198,2026-01-20,cancelled
912,192,2026-02-27,completed
913,164,2025-08-28,processing
914,430,2026-01-09,completed
915,172,2025-12-19,completed
916,71,2026-06-14,completed
917,470,2026-01-24,processing
918,357,2026-07-23,processing
919,389,2026-08-07,completed
920,230,2026-07-16,completed
921,464,2026-02-04,completed
922,132,2026-03-23,completed
923,77,2026-06-12,completed
924,373,2026-06-07,completed
925,217,2026-03-26,completed
926,148,2026-07-02,completed
927,63,2026-04-17,completed
928,215,2026-08-09,completed
929,319,2025-11-19,completed
930,57,2026-03-03,processing
931,256,2025-11-19,completed
932,9,2025-12-09,completed
933,295,2026-02-11,completed
934,74,2026-03-02,completed
935,1,2025-09-06,completed
936,124,2026-01-24,completed
937,96,2026-01-03,completed
938,44,2026-05-12,completed
939,185,2026-05-16,completed
940,270,2026-07-01,completed
941,403,2026-01-30,cancelled
942,284,2026-06-03,completed
943,448,2025-10-29,completed
944,326,2026-07-18,completed
945,192,2026-02-23,completed
946,9,2026-08-18,completed
947,35,2025-10-14,completed
948,376,2026-04-24,completed
949,54,2026-03-21,completed
950,377,2025-09-05,completed
951,69,2026-08-13,completed
952,280,2026-01-26,completed
953,330,2026-04-12,completed
954,399,2026-04-02,completed
955,357,2026-05-10,completed
956,94,2025-09-05,processing
957,33,2025-09-27,completed
958,484,2026-05-02,completed
959,151,2026-02-08,completed
960,406,2025-10-17,completed
961,22,2026-07-28,completed
962,159,2026-02-21,completed
963,418,2025-11-04,completed
964,130,2025-09-14,completed
965,332,2025-12-05,completed
966,183,2026-01-20,processing
967,25,2025-12-31,processing
968,170,2025-11-16,completed
969,410,2026-02-18,completed
970,456,2025-12-30,completed
971,226,2026-01-04,processing
972,198,2026-06-17,completed
973,96,2026-08-02,completed
974,255,2026-01-20,completed
975,409,2025-12-12,completed
976,411,2026-06-14,completed
977,218,2026-07-15,completed
978,309,2026-02-05,cancelled
979,93,2025-12-01,completed
980,165,2026-07-16,completed
981,168,2025-09-26,completed
982,157,2026-02-24,completed
983,368,2025-09-02,completed
984,354,2026-06-12,completed
985,229,2026-03-23,completed
986,446,2025-09-15,processing
987,315,2026-01-08,cancelled
988,141,2025-11-21,completed
989,406,2026-05-05,processing
990,39,2025-09-21,completed
991,208,2026-06-25,completed
992,411,2026-05-06,completed
993,82,2025-09-10,cancelled
994,74,2026-06-14,processing
995,348,2025-09-07,completed
996,18,2025-11-30,completed
997,121,2025-11-11,completed
998,188,2026-07-17,completed
999,487,2025-09-02,completed
1000,310,2026-04-24,completed
