product_id,product_name,category,price
1,Mousepad Gamer,Periféricos,657.46
2,Tablet,Eletrônicos,222.55
3,Smartwatch,Eletrônicos,1447.64
4,Monitor Ultrawide,Monitores,1504.45
5,Monitor 27,Monitores,3814.12
6,Tablet,Eletrônicos,3415.83
7,Webcam Full HD,Eletrônicos,4471.68
8,Microfone USB,Áudio,176.06
9,Mousepad Gamer,Periféricos,450.83
10,Cabo USB-C,Acessórios,24.6
11,Cabo USB-C,Acessórios,117.13
12,Fone Bluetooth,Áudio,782.77
13,Suporte para Notebook,Acessórios,23.0
14,Microfone USB,Áudio,338.31
15,Memória RAM 16GB,Informática,5234.09
16,Tablet,Eletrônicos,2770.21
17,Adaptador USB,Acessórios,118.02
18,Processador,Informática,4755.2
19,Mouse Gamer,Periféricos,818.96
20,Placa de Vídeo,Informática,151.34
21,Suporte para Notebook,Acessórios,404.85
22,Processador,Informática,5615.3
23,Monitor Ultrawide,Monitores,2031.13
24,Mouse Gamer,Periféricos,197.71
25,Adaptador USB,Acessórios,479.03
26,Suporte para Notebook,Acessórios,174.93
27,Controle USB,Periféricos,138.11
28,Microfone USB,Áudio,190.24
29,Microfone USB,Áudio,1278.87
30,Monitor 27,Monitores,3216.77
31,Monitor 27,Monitores,4132.08
32,Smartwatch,Eletrônicos,3675.69
33,Hub USB,Eletrônicos,2727.52
34,Monitor Ultrawide,Monitores,4879.02
35,Mouse Gamer,Periféricos,409.61
36,Controle USB,Periféricos,574.44
37,Mouse Gamer,Periféricos,837.93
38,Microfone USB,Áudio,946.85
39,SSD 1TB,Informática,6907.48
40,Memória RAM 16GB,Informática,4661.08
41,Cabo USB-C,Acessórios,355.24
42,Suporte para Notebook,Acessórios,32.45
43,Caixa de Som,Áudio,380.45
44,Mousepad Gamer,Periféricos,324.92
45,Monitor 24,Monitores,859.06
46,Monitor Ultrawide,Monitores,1547.56
47,Cabo USB-C,Acessórios,59.49
48,Controle USB,Periféricos,314.07
49,Suporte para Notebook,Acessórios,321.49
50,Cabo USB-C,Acessórios,188.77
51,SSD 1TB,Informática,3024.43
52,Cabo HDMI,Acessórios,112.66
53,Teclado Mecânico,Periféricos,303.63
54,SSD 1TB,Informática,7499.57
55,Fone Bluetooth,Áudio,989.65
56,Hub USB,Eletrônicos,3084.74
57,Mouse Gamer,Periféricos,212.58
58,Suporte para Notebook,Acessórios,367.27
59,Controle USB,Periféricos,205.23
60,Cabo USB-C,Acessórios,195.93
61,SSD 1TB,Informática,7917.23
62,Microfone USB,Áudio,978.0
63,Mouse Gamer,Periféricos,579.1
64,Mousepad Gamer,Periféricos,700.38
65,Monitor 27,Monitores,4292.83
66,Microfone USB,Áudio,1175.2
67,Fone Bluetooth,Áudio,382.12
68,Mouse Gamer,Periféricos,80.5
69,Smartwatch,Eletrônicos,1645.72
70,Placa de Vídeo,Informática,2215.15
71,Cabo USB-C,Acessórios,113.38
72,Cabo USB-C,Acessórios,472.03
73,Processador,Informática,7023.3
74,Headset Gamer,Áudio,506.28
75,Teclado Mecânico,Periféricos,672.67
76,Controle USB,Periféricos,425.85
77,Monitor 27,Monitores,4615.46
78,Monitor 24,Monitores,2564.83
79,Caixa de Som,Áudio,434.08
80,Cabo HDMI,Acessórios,130.85
81,Caixa de Som,Áudio,863.98
82,Cabo HDMI,Acessórios,138.74
83,Suporte para Notebook,Acessórios,296.45
84,Fone Bluetooth,Áudio,1351.84
85,Adaptador USB,Acessórios,205.71
86,Monitor Ultrawide,Monitores,1486.94
87,Teclado Mecânico,Periféricos,997.66
88,Processador,Informática,4125.26
89,Teclado Mecânico,Periféricos,136.36
90,SSD 1TB,Informática,472.22
91,Webcam Full HD,Eletrônicos,637.28
92,Monitor 27,Monitores,3323.51
93,Microfone USB,Áudio,1198.52
94,Hub USB,Eletrônicos,2168.58
95,Monitor Ultrawide,Monitores,785.87
96,Cabo USB-C,Acessórios,196.99
97,SSD 1TB,Informática,7969.36
98,Mouse Gamer,Periféricos,552.66
99,Mousepad Gamer,Periféricos,972.52
100,Headset Gamer,Áudio,1298.13
